{
  "goals": [
    {
      "title": "Go on a Skidoo ride!",
      "description": "Go on a Skidoo ride!",
      "picture": "https://fbcdn-photos-d-a.akamaihd.net/hphotos-ak-frc3/1468731_387534211378993_1999450236_s.jpg"
    },
    {
      "title": "Visit Ireland!",
      "description": "Visit Ireland!",
      "picture": "https://fbcdn-photos-f-a.akamaihd.net/hphotos-ak-frc3/1466315_387409354724812_312405515_s.jpg"
    },
    {
      "title": "Do an Aerobatic plane ride!",
      "description": "Do an Aerobatic plane ride!",
      "picture": "https://fbcdn-photos-c-a.akamaihd.net/hphotos-ak-prn1/993735_386706658128415_1777682907_s.jpg"
    },
    {
      "title": "Walk through Japans tunnel of lights",
      "description": "Walk through Japans tunnel of lights",
      "picture": "https://fbcdn-photos-a-a.akamaihd.net/hphotos-ak-prn2/1463058_386703564795391_2030252388_s.jpg"
    },
    {
      "title": "Play on the World Highest Tennis Court, Dubai!",
      "description": "Play on the World Highest Tennis Court, Dubai!",
      "picture": "https://fbcdn-photos-g-a.akamaihd.net/hphotos-ak-prn2/1424556_386702828128798_2127294027_s.jpg"
    },
    {
      "title": "Visit Yellowstone National Park!",
      "description": "Visit Yellowstone National Park!",
      "picture": "https://fbcdn-photos-f-a.akamaihd.net/hphotos-ak-frc3/1424399_386020351530379_2067327656_s.jpg"
    },
    {
      "title": "Walk the great wall of China!",
      "description": "Walk the great wall of China!",
      "picture": "https://fbcdn-photos-d-a.akamaihd.net/hphotos-ak-frc3/1459802_386013481531066_743625701_s.jpg"
    },
    {
      "title": "Sleep in a Treehouse!",
      "description": "Sleep in a Treehouse!",
      "picture": "https://fbcdn-photos-h-a.akamaihd.net/hphotos-ak-prn2/603081_385776584888089_1277623575_s.jpg"
    },
    {
      "title": "Go skydiving!",
      "description": "Go skydiving!",
      "picture": "https://fbcdn-photos-c-a.akamaihd.net/hphotos-ak-ash3/1456694_385767748222306_2128952683_s.jpg"
    },
    {
      "title": "Drive a Lamborghini!",
      "description": "Drive a Lamborghini!",
      "picture": "https://fbcdn-photos-e-a.akamaihd.net/hphotos-ak-frc3/1392588_385766748222406_1933246708_s.jpg"
    },
    {
      "title": "Go paintballing!",
      "description": "Go paintballing!",
      "picture": "https://fbcdn-photos-f-a.akamaihd.net/hphotos-ak-prn2/1383609_380666205399127_1524615156_s.jpg"
    },
    {
      "title": "Stay in a overwater bungalo!",
      "description": "Stay in a overwater bungalo!",
      "picture": "https://fbcdn-photos-d-a.akamaihd.net/hphotos-ak-ash3/577280_380664058732675_1588273337_s.jpg"
    },
    {
      "title": "Climb a Mountain!",
      "description": "Climb a Mountain!",
      "picture": "https://fbcdn-photos-b-a.akamaihd.net/hphotos-ak-frc3/1378621_380320415433706_901855941_s.jpg"
    },
    {
      "title": "Visit Hawaii!",
      "description": "Visit Hawaii!",
      "picture": "https://fbcdn-photos-h-a.akamaihd.net/hphotos-ak-ash4/1394437_380319748767106_288271133_s.jpg"
    },
    {
      "title": "Walk on the Road To Paradise, São Miguel Island!",
      "description": "Walk on the Road To Paradise, São Miguel Island!",
      "picture": "https://fbcdn-photos-e-a.akamaihd.net/hphotos-ak-ash3/1377238_377708439028237_1637833393_s.jpg"
    },
    {
      "title": "Party Hard!",
      "description": "Party Hard!",
      "picture": "https://fbcdn-photos-c-a.akamaihd.net/hphotos-ak-ash3/1209150_377707139028367_2103506350_s.png"
    },
    {
      "title": "See the largest carpet of flowers in the world! Brussels, Belgium.",
      "description": "See the largest carpet of flowers in the world! Brussels, Belgium.",
      "picture": "https://fbcdn-photos-a-a.akamaihd.net/hphotos-ak-frc3/1377131_376574795808268_53803755_s.jpg"
    },
    {
      "title": "Bake a Rainbow Cake!",
      "description": "Bake a Rainbow Cake!",
      "picture": "https://fbcdn-photos-g-a.akamaihd.net/hphotos-ak-frc3/1392066_375893292543085_394195798_s.jpg"
    },
    {
      "title": "Walk through a forest in autumn!",
      "description": "Walk through a forest in autumn!",
      "picture": "https://fbcdn-photos-e-a.akamaihd.net/hphotos-ak-prn2/1375127_375280905937657_201365939_s.jpg"
    },
    {
      "title": "Watch the glowing Sea! Raa Atoll islands in the Maldives.",
      "description": "Watch the glowing Sea! Raa Atoll islands in the Maldives.",
      "picture": "https://fbcdn-photos-c-a.akamaihd.net/hphotos-ak-prn2/1375986_374768469322234_1996399952_s.jpg"
    },
    {
      "title": "Zipline through the rainforest!",
      "description": "Zipline through the rainforest!",
      "picture": "https://fbcdn-photos-f-a.akamaihd.net/hphotos-ak-ash4/1378232_374727289326352_237116937_s.jpg"
    },
    {
      "title": "Watch the sunrise at Angkor Wat!",
      "description": "Watch the sunrise at Angkor Wat!",
      "picture": "https://fbcdn-photos-h-a.akamaihd.net/hphotos-ak-prn2/1383065_374726595993088_458168713_s.jpg"
    },
    {
      "title": "See the underwater Waterfall in Mauritius!",
      "description": "See the underwater Waterfall in Mauritius!",
      "picture": "https://fbcdn-photos-b-a.akamaihd.net/hphotos-ak-prn1/540136_374310266034721_44839527_s.jpg"
    },
    {
      "title": "Watch the super moon captured at Ambon, Indonesia!",
      "description": "Watch the super moon captured at Ambon, Indonesia!",
      "picture": "https://fbcdn-photos-c-a.akamaihd.net/hphotos-ak-ash3/1383183_373525229446558_1904994537_s.jpg"
    },
    {
      "title": "Visit Burning Man Festival in the Black Rock Desert!",
      "description": "Visit Burning Man Festival in the Black Rock Desert!",
      "picture": "https://fbcdn-photos-e-a.akamaihd.net/hphotos-ak-frc3/1376627_372255886240159_771185209_s.jpg"
    },
    {
      "title": "Watch fireworks in paris!",
      "description": "Watch fireworks in paris!",
      "picture": "https://fbcdn-photos-g-a.akamaihd.net/hphotos-ak-prn2/988718_371771186288629_1172290025_s.jpg"
    },
    {
      "title": "Party on a cruise ship!",
      "description": "Party on a cruise ship!",
      "picture": "https://fbcdn-photos-a-a.akamaihd.net/hphotos-ak-prn1/1013158_371410792991335_179058967_s.jpg"
    },
    {
      "title": "Have a birthday party in Las Vegas!",
      "description": "Have a birthday party in Las Vegas!",
      "picture": "https://fbcdn-photos-f-a.akamaihd.net/hphotos-ak-ash3/564479_371131136352634_716591462_s.jpg"
    },
    {
      "title": "Send a message in a bottle!",
      "description": "Send a message in a bottle!",
      "picture": "https://fbcdn-photos-d-a.akamaihd.net/hphotos-ak-prn2/1374041_369969753135439_1710875226_s.jpg"
    },
    {
      "title": "Jump in a pool fully clothed!",
      "description": "Jump in a pool fully clothed!",
      "picture": "https://fbcdn-photos-c-a.akamaihd.net/hphotos-ak-prn2/1384346_369949179804163_1802816988_s.jpg"
    },
    {
      "title": "Go Bungee Jumping!",
      "description": "Go Bungee Jumping!",
      "picture": "https://fbcdn-photos-e-a.akamaihd.net/hphotos-ak-ash3/1376531_368992629899818_471412790_s.jpg"
    },
    {
      "title": "Visit Lavender fields in Provence, France",
      "description": "Visit Lavender fields in Provence, France",
      "picture": "https://fbcdn-photos-g-a.akamaihd.net/hphotos-ak-ash3/1375048_368047606660987_824592138_s.jpg"
    },
    {
      "title": "Enjoy!",
      "description": "Enjoy!",
      "picture": "https://fbcdn-photos-a-a.akamaihd.net/hphotos-ak-ash3/577343_366726623459752_1043415521_s.jpg"
    },
    {
      "title": "Ride London Eye!",
      "description": "Ride London Eye!",
      "picture": "https://fbcdn-photos-d-a.akamaihd.net/hphotos-ak-ash3/1238315_363007550498326_1208464065_s.jpg"
    },
    {
      "title": "Visit Aescher Hotel in Appenzellerland, Switzerland!",
      "description": "Visit Aescher Hotel in Appenzellerland, Switzerland!",
      "picture": "https://fbcdn-photos-f-a.akamaihd.net/hphotos-ak-ash3/942770_361394270659654_486769283_s.jpg"
    },
    {
      "title": "Cage dive with sharks!",
      "description": "Cage dive with sharks!",
      "picture": "https://fbcdn-photos-h-a.akamaihd.net/hphotos-ak-frc1/1002534_359687647496983_1860774558_s.jpg"
    },
    {
      "title": "See frozen waves at Antarctica!",
      "description": "See frozen waves at Antarctica!",
      "picture": "https://fbcdn-photos-b-a.akamaihd.net/hphotos-ak-ash3/1236392_358274874304927_802628117_s.jpg"
    },
    {
      "title": "See Times Square at Night!",
      "description": "See Times Square at Night!",
      "picture": "https://fbcdn-photos-c-a.akamaihd.net/hphotos-ak-ash3/1234972_356585397807208_2008288685_s.jpg"
    },
    {
      "title": "Visit Machu Picchu!",
      "description": "Visit Machu Picchu!",
      "picture": "https://fbcdn-photos-e-a.akamaihd.net/hphotos-ak-frc1/1013265_354650241334057_10465077_s.jpg"
    },
    {
      "title": "See the Iguazu Falls!",
      "description": "See the Iguazu Falls!",
      "picture": "https://fbcdn-photos-f-a.akamaihd.net/hphotos-ak-ash3/1174597_353257458140002_627496615_s.jpg"
    },
    {
      "title": "Try Windsurfing!",
      "description": "Try Windsurfing!",
      "picture": "https://fbcdn-photos-d-a.akamaihd.net/hphotos-ak-ash3/1176234_352245554907859_1460984872_s.jpg"
    },
    {
      "title": "Have fun spending some money in Vegas!",
      "description": "Have fun spending some money in Vegas!",
      "picture": "https://fbcdn-photos-b-a.akamaihd.net/hphotos-ak-ash3/1175343_351952028270545_415976721_s.jpg"
    },
    {
      "title": "Eat at an undersea restaurant!",
      "description": "Eat at an undersea restaurant!",
      "picture": "https://fbcdn-photos-e-a.akamaihd.net/hphotos-ak-ash3/270391_351837668281981_2015572685_s.jpg"
    },
    {
      "title": "Go Sailing!",
      "description": "Go Sailing!",
      "picture": "https://fbcdn-photos-a-a.akamaihd.net/hphotos-ak-frc3/1175528_351567204975694_2124192011_s.jpg"
    },
    {
      "title": "Breakfast in Maldives!",
      "description": "Breakfast in Maldives!",
      "picture": "https://fbcdn-photos-f-a.akamaihd.net/hphotos-ak-frc3/1157443_351501151648966_1086678603_s.jpg"
    },
    {
      "title": "Travel to Australia!",
      "description": "Travel to Australia!",
      "picture": "https://fbcdn-photos-h-a.akamaihd.net/hphotos-ak-ash3/1229834_351417958323952_721191365_s.jpg"
    },
    {
      "title": "Diving at Great Barrier Reef!",
      "description": "Diving at Great Barrier Reef!",
      "picture": "https://fbcdn-photos-a-a.akamaihd.net/hphotos-ak-prn1/1148928_351246081674473_1592601534_s.jpg"
    },
    {
      "title": "Visit holi festival in India!",
      "description": "Visit holi festival in India!",
      "picture": "https://fbcdn-photos-h-a.akamaihd.net/hphotos-ak-ash3/534288_351053108360437_1179112333_s.jpg"
    },
    {
      "title": "Be the best version of you!",
      "description": "Be the best version of you!",
      "picture": "https://fbcdn-photos-b-a.akamaihd.net/hphotos-ak-ash3/577750_351019091697172_1984384705_s.jpg"
    },
    {
      "title": "Visit Bora Bora!",
      "description": "Visit Bora Bora!",
      "picture": "https://fbcdn-photos-g-a.akamaihd.net/hphotos-ak-frc1/1000231_350708971728184_787167420_s.jpg"
    },
    {
      "title": "Go paragliding!",
      "description": "Go paragliding!",
      "picture": "https://fbcdn-photos-c-a.akamaihd.net/hphotos-ak-ash3/1175147_350661408399607_1046135043_s.jpg"
    },
    {
      "title": "See Mount Everest!",
      "description": "See Mount Everest!",
      "picture": "https://fbcdn-photos-e-a.akamaihd.net/hphotos-ak-frc3/1174599_350630251736056_9404336_s.jpg"
    },
    {
      "title": "Drive a race car!",
      "description": "Drive a race car!",
      "picture": "https://fbcdn-photos-h-a.akamaihd.net/hphotos-ak-prn1/13595_350563978409350_465328699_s.jpg"
    },
    {
      "title": "Visit Rio de Janeiro, Brazil!",
      "description": "Visit Rio de Janeiro, Brazil!",
      "picture": "https://fbcdn-photos-b-a.akamaihd.net/hphotos-ak-ash4/1175620_350563435076071_2075800146_s.jpg"
    },
    {
      "title": "Go on a road trip!",
      "description": "Go on a road trip!",
      "picture": "https://fbcdn-photos-d-a.akamaihd.net/hphotos-ak-ash4/999852_350268405105574_1893598678_s.jpg"
    },
    {
      "title": "Do white water rafting!",
      "description": "Do white water rafting!",
      "picture": "https://fbcdn-photos-d-a.akamaihd.net/hphotos-ak-prn2/1185110_350146211784460_2092842599_s.jpg"
    },
    {
      "title": "Go whale-watching!",
      "description": "Go whale-watching!",
      "picture": "https://fbcdn-photos-a-a.akamaihd.net/hphotos-ak-ash3/1005819_350144515117963_2063360578_s.jpg"
    },
    {
      "title": "Shower in a waterfall!",
      "description": "Shower in a waterfall!",
      "picture": "https://fbcdn-photos-g-a.akamaihd.net/hphotos-ak-frc3/1146702_350143928451355_174175331_s.jpg"
    },
    {
      "title": "Sleep under the stars!",
      "description": "Sleep under the stars!",
      "picture": "https://fbcdn-photos-e-a.akamaihd.net/hphotos-ak-ash3/1013281_350143221784759_1416351501_s.jpg"
    },
    {
      "title": "See Northern Lights!",
      "description": "See Northern Lights!",
      "picture": "https://fbcdn-photos-c-a.akamaihd.net/hphotos-ak-prn2/1098372_350141301784951_1324503916_s.jpg"
    },
    {
      "title": "Ride in a hot air balloon!",
      "description": "Ride in a hot air balloon!",
      "picture": "https://fbcdn-photos-h-a.akamaihd.net/hphotos-ak-prn2/1146591_350137731785308_1408566282_s.jpg"
    },
    {
      "title": "Enjoy the view from Vrh towards Motovun during sunset.",
      "description": "Enjoy the view from Vrh towards Motovun during sunset.",
      "picture": "https://fbcdn-photos-b-a.akamaihd.net/hphotos-ak-prn2/1422430_568725179848683_1408301331_s.jpg"
    },
    {
      "title": "Indulge yourself in summer nostalgia, at least for a minute. Thanks Hejma - Tales of Good Food",
      "description": "Indulge yourself in summer nostalgia, at least for a minute. Thanks Hejma - Tales of Good Food",
      "picture": "https://fbexternal-a.akamaihd.net/safe_image.php?d=AQCxaJAM187r1Gz1&w=130&h=130&url=http%3A%2F%2Fb.vimeocdn.com%2Fts%2F449%2F855%2F449855360_1280.jpg"
    },
    {
      "title": "Welcome dawn at the sea. Thanks Nika",
      "description": "Welcome dawn at the sea. Thanks Nika",
      "picture": "https://fbcdn-photos-h-a.akamaihd.net/hphotos-ak-frc3/1395207_567847786603089_89836412_s.jpg"
    },
    {
      "title": "Watch a play at Ulysses Theatre on the Brijuni islands.",
      "description": "Watch a play at Ulysses Theatre on the Brijuni islands.",
      "picture": "https://fbcdn-photos-a-a.akamaihd.net/hphotos-ak-prn2/1455056_567523526635515_1874022001_s.jpg"
    },
    {
      "title": "Come to see the Art Pavilion in Zagreb. Photo by Julien Duval Photography",
      "description": "Come to see the Art Pavilion in Zagreb. Photo by Julien Duval Photography",
      "picture": "https://fbcdn-photos-b-a.akamaihd.net/hphotos-ak-frc3/1466135_567137743340760_2067970192_s.jpg"
    },
    {
      "title": "Book one of the lovely selected tours on Oh! So Croatia and hit the road.",
      "description": "Book one of the lovely selected tours on Oh! So Croatia and hit the road.",
      "picture": "https://fbcdn-photos-d-a.akamaihd.net/hphotos-ak-ash3/994037_566513163403218_1583844336_s.jpg"
    },
    {
      "title": "Visit the Arena in Pula, preferably for a concert.",
      "description": "Visit the Arena in Pula, preferably for a concert.",
      "picture": "https://fbcdn-photos-f-a.akamaihd.net/hphotos-ak-ash3/580786_566015610119640_1835557153_s.jpg"
    },
    {
      "title": "Board on one of the mighty Argonaughty boat parties at The Garden Festival in Tisno.",
      "description": "Board on one of the mighty Argonaughty boat parties at The Garden Festival in Tisno.",
      "picture": "https://fbcdn-photos-g-a.akamaihd.net/hphotos-ak-frc3/1395405_565577136830154_987269155_s.jpg"
    },
    {
      "title": "Never miss a chance to get your hands on some Palačinke.",
      "description": "Never miss a chance to get your hands on some Palačinke.",
      "picture": "https://fbcdn-photos-a-a.akamaihd.net/hphotos-ak-prn2/1450168_565028963551638_1618273891_s.jpg"
    },
    {
      "title": "Take a ride at Wakeboard Center Cable Krk in the bay of Punat.",
      "description": "Take a ride at Wakeboard Center Cable Krk in the bay of Punat.",
      "picture": "https://fbcdn-photos-e-a.akamaihd.net/hphotos-ak-ash3/1378563_564600213594513_7574873_s.jpg"
    },
    {
      "title": "Meet a pirate and his parrots at Stradun in Dubrovnik.",
      "description": "Meet a pirate and his parrots at Stradun in Dubrovnik.",
      "picture": "https://fbcdn-photos-b-a.akamaihd.net/hphotos-ak-ash4/1450068_563496407038227_27150067_s.jpg"
    },
    {
      "title": "Explore the sandy beaches around Cape Puntadura on Vir.",
      "description": "Explore the sandy beaches around Cape Puntadura on Vir.",
      "picture": "https://fbcdn-photos-h-a.akamaihd.net/hphotos-ak-prn2/1381739_563050913749443_1803050480_s.jpg"
    },
    {
      "title": "Look in the Church of Saint Donatus in Zadar.",
      "description": "Look in the Church of Saint Donatus in Zadar.",
      "picture": "https://fbcdn-photos-g-a.akamaihd.net/hphotos-ak-prn2/1385025_562629340458267_562042785_s.jpg"
    },
    {
      "title": "Take the old road from Pazin to Buzet and stop in Draguć.",
      "description": "Take the old road from Pazin to Buzet and stop in Draguć.",
      "picture": "https://fbcdn-photos-a-a.akamaihd.net/hphotos-ak-prn2/988776_562185297169338_402307916_s.jpg"
    },
    {
      "title": "Grill steaks on open fire.",
      "description": "Grill steaks on open fire.",
      "picture": "https://fbcdn-photos-c-a.akamaihd.net/hphotos-ak-frc3/1378409_561775013877033_2068342629_s.jpg"
    },
    {
      "title": "Get some homegrown fruits on the market.",
      "description": "Get some homegrown fruits on the market.",
      "picture": "https://fbcdn-photos-e-a.akamaihd.net/hphotos-ak-ash3/1383193_561258797261988_374668567_s.jpg"
    },
    {
      "title": "Play with a dolphin.",
      "description": "Play with a dolphin.",
      "picture": "https://fbcdn-photos-h-a.akamaihd.net/hphotos-ak-prn1/1385497_560618907325977_921814924_s.jpg"
    },
    {
      "title": "Kite surf at the Queen's beach in Nin.",
      "description": "Kite surf at the Queen's beach in Nin.",
      "picture": "https://fbcdn-photos-b-a.akamaihd.net/hphotos-ak-prn2/7905_560533450667856_623256779_s.jpg"
    },
    {
      "title": "Visit Povlja on the island of Brač and eat in Konoba Kala.",
      "description": "Visit Povlja on the island of Brač and eat in Konoba Kala.",
      "picture": "https://fbcdn-photos-d-a.akamaihd.net/hphotos-ak-frc3/1375825_560532900667911_1170826100_s.jpg"
    },
    {
      "title": "Visit Kozlović winery in Momjan.",
      "description": "Visit Kozlović winery in Momjan.",
      "picture": "https://fbcdn-photos-f-a.akamaihd.net/hphotos-ak-prn2/10001_560531330668068_1115050842_s.jpg"
    },
    {
      "title": "Grill some fish.",
      "description": "Grill some fish.",
      "picture": "https://fbcdn-photos-a-a.akamaihd.net/hphotos-ak-frc3/1380597_560522414002293_381463926_s.jpg"
    },
    {
      "title": "Go fishing.",
      "description": "Go fishing.",
      "picture": "https://fbcdn-photos-b-a.akamaihd.net/hphotos-ak-frc3/1383985_560521650669036_1824680311_s.jpg"
    },
    {
      "title": "Learn the Glagolica alphabet.",
      "description": "Learn the Glagolica alphabet.",
      "picture": "https://fbcdn-photos-h-a.akamaihd.net/hphotos-ak-prn1/1383615_560519880669213_1091715492_s.jpg"
    },
    {
      "title": "Eat Dalmatian Pršut with cheese from Pag, homemade bread and olives from the garden.",
      "description": "Eat Dalmatian Pršut with cheese from Pag, homemade bread and olives from the garden.",
      "picture": "https://fbcdn-photos-f-a.akamaihd.net/hphotos-ak-prn1/996936_560519360669265_2095194344_s.jpg"
    },
    {
      "title": "Climb the top of Učka mountain and enjoy the view over Kvarner bay.",
      "description": "Climb the top of Učka mountain and enjoy the view over Kvarner bay.",
      "picture": "https://fbcdn-photos-d-a.akamaihd.net/hphotos-ak-prn2/1377231_560516840669517_1245822728_s.jpg"
    },
    {
      "title": "Dinner in one of the restaurants of Volosko.",
      "description": "Dinner in one of the restaurants of Volosko.",
      "picture": "https://fbcdn-photos-a-a.akamaihd.net/hphotos-ak-prn2/1379922_560514214003113_99917526_s.jpg"
    },
    {
      "title": "Stroll around the Mrtvi kanal in Rijeka at night.",
      "description": "Stroll around the Mrtvi kanal in Rijeka at night.",
      "picture": "https://fbcdn-photos-g-a.akamaihd.net/hphotos-ak-ash3/603117_560513924003142_721103015_s.jpg"
    },
    {
      "title": "Drink a cocktail at Bar Valentino in Rovinj.",
      "description": "Drink a cocktail at Bar Valentino in Rovinj.",
      "picture": "https://fbcdn-photos-e-a.akamaihd.net/hphotos-ak-frc3/1377263_560513680669833_910987688_s.jpg"
    },
    {
      "title": "Listen to the sound of the sea at the Sea Organ in Zadar.",
      "description": "Listen to the sound of the sea at the Sea Organ in Zadar.",
      "picture": "https://fbcdn-photos-c-a.akamaihd.net/hphotos-ak-prn2/1379494_560512964003238_1150447108_s.jpg"
    },
    {
      "title": "Walk to a very nice beach.",
      "description": "Walk to a very nice beach.",
      "picture": "https://fbcdn-photos-h-a.akamaihd.net/hphotos-ak-frc1/1001724_560265770694624_1043161686_s.jpg"
    },
    {
      "title": "Have a speed boat ride.",
      "description": "Have a speed boat ride.",
      "picture": "https://fbcdn-photos-b-a.akamaihd.net/hphotos-ak-prn2/1385420_560263790694822_1009148416_s.jpg"
    },
    {
      "title": "Find A New Job/Career Not Doing Informix. ",
      "description": null,
      "picture": null
    },
    {
      "title": "Pay Off Student Loan ",
      "description": null,
      "picture": null
    },
    {
      "title": "Get A Six Pack ",
      "description": null,
      "picture": null
    },
    {
      "title": "Learn To Box ",
      "description": null,
      "picture": null
    },
    {
      "title": "Be A Member Of The Audience In A TV Show ",
      "description": null,
      "picture": null
    },
    {
      "title": "Write A Screenplay.",
      "description": null,
      "picture": null
    },
    {
      "title": "Microsoft Certified",
      "description": null,
      "picture": null
    },
    {
      "title": "Experience weightlessness",
      "description": null,
      "picture": null
    },
    {
      "title": "See The Northern Lights (Aurora Borealis)",
      "description": null,
      "picture": null
    },
    {
      "title": "RECOMMENDATIONS COMMENTS GO UNDER HERE ONLY!!",
      "description": null,
      "picture": null
    },
    {
      "title": "Sky Dive (Solo)",
      "description": null,
      "picture": null
    },
    {
      "title": "Become a Millionaire",
      "description": null,
      "picture": null
    },
    {
      "title": "Get Advanced Scuba Diving Certified ",
      "description": null,
      "picture": null
    },
    {
      "title": "Get A Hollywood Smile. ",
      "description": null,
      "picture": null
    },
    {
      "title": "Be In Best Shape Of Adult Life At 35 ",
      "description": null,
      "picture": null
    },
    {
      "title": " La Tomatina Tomato Fight in Buñol, Valencia Spain. ",
      "description": null,
      "picture": null
    },
    {
      "title": "Swim In The Nile, Egypt. ",
      "description": null,
      "picture": null
    },
    {
      "title": "Getting a degree. ",
      "description": null,
      "picture": null
    }
  ]
}
