{
  "goals": [{
      "title": "Experience weightlessness",
      "description": null,
      "picture": null
    },
    {
      "title": "See The Northern Lights (Aurora Borealis)",
      "description": null,
      "picture": null
    },
    {
      "title": "RECOMMENDATIONS COMMENTS GO UNDER HERE ONLY!!",
      "description": null,
      "picture": null
    },
    {
      "title": "Sky Dive (Solo)",
      "description": null,
      "picture": null
    },
    {
      "title": "Become a Millionaire",
      "description": null,
      "picture": null
    },
    {
      "title": "Get Advanced Scuba Diving Certified ",
      "description": null,
      "picture": null
    },
    {
      "title": "Get A Hollywood Smile. ",
      "description": null,
      "picture": null
    },
    {
      "title": "Be In Best Shape Of Adult Life At 35 ",
      "description": null,
      "picture": null
    },
    {
      "title": " La Tomatina Tomato Fight in Buñol, Valencia Spain. ",
      "description": null,
      "picture": null
    },
    {
      "title": "Swim In The Nile, Egypt. ",
      "description": null,
      "picture": null
    },
    {
      "title": "Getting a degree. ",
      "description": null,
      "picture": null
    },
    {
      "picture": "http://upload.wikimedia.org/wikipedia/en/thumb/9/92/Givemy.jpg/220px-Givemy.jpg",
      "title": "Watch a musical on Broadway New York",
      "description": "I have been wanting to do this all my life but have not been able to get myself to do it.I really wish you guys help me get it this time. Yeah! Let's do this together. I want to Watch a musical on Broadway New York"
    },
    {
      "picture": "http://upload.wikimedia.org/wikipedia/commons/thumb/3/3c/Haliaeetus_leucocephalus2.jpg/170px-Haliaeetus_leucocephalus2.jpg",
      "title": "Before I die I want to visit all 50 states!!!",
      "description": "I have been wanting to do this all my life but have not been able to get myself to do it.I really wish you guys help me get it this time. Yeah! Let's do this together. I want to Before I die I want to visit all 50 states!!!"
    },
    {
      "picture": "http://upload.wikimedia.org/wikipedia/commons/thumb/8/8a/Qac.quickie.q2.g-bspa.flying.arp.jpg/220px-Qac.quickie.q2.g-bspa.flying.arp.jpg",
      "title": "fly an air plane",
      "description": "I have been wanting to do this all my life but have not been able to get myself to do it.I really wish you guys help me get it this time. Yeah! Let's do this together. I want to fly an air plane"
    },
    {
      "picture": "http://upload.wikimedia.org/wikipedia/commons/thumb/8/8a/Page_of_Lay_of_the_Cid.jpg/200px-Page_of_Lay_of_the_Cid.jpg",
      "title": "I want to learn to speak a second language fluently.",
      "description": "I have been wanting to do this all my life but have not been able to get myself to do it.I really wish you guys help me get it this time. Yeah! Let's do this together. I want to I want to learn to speak a second language fluently."
    },
    {
      "picture": "http://upload.wikimedia.org/wikipedia/commons/thumb/6/6e/London_Thames_Sunset_panorama_-_Feb_2008.jpg/220px-London_Thames_Sunset_panorama_-_Feb_2008.jpg",
      "title": "go to London ",
      "description": "I have been wanting to do this all my life but have not been able to get myself to do it.I really wish you guys help me get it this time. Yeah! Let's do this together. I want to go to London "
    },
    {
      "picture": "http://upload.wikimedia.org/wikipedia/commons/thumb/c/cc/Bass-und-primgitarre.jpg/220px-Bass-und-primgitarre.jpg",
      "title": "Learn to play guitar",
      "description": "And I mean really play, not just one or two ..."
    },
    {
      "picture": "http://upload.wikimedia.org/wikipedia/en/thumb/6/63/IMG_6969.jpg/220px-IMG_6969.jpg",
      "title": "Skydive",
      "description": "I have been wanting to do this all my life but have not been able to get myself to do it.I really wish you guys help me get it this time. Yeah! Let's do this together. I want to Skydive"
    },
    {
      "picture": "http://upload.wikimedia.org/wikipedia/commons/thumb/8/8c/Grand_Anse_Beach_Grenada.jpg/220px-Grand_Anse_Beach_Grenada.jpg",
      "title": "Cruise the Caribbean",
      "description": "I have been wanting to do this all my life but have not been able to get myself to do it.I really wish you guys help me get it this time. Yeah! Let's do this together. I want to Cruise the Caribbean"
    },
    {
      "picture": "http://upload.wikimedia.org/wikipedia/en/thumb/d/d6/Friends_season_one_cast.jpg/220px-Friends_season_one_cast.jpg",
      "title": "Always stay in touch with my best friends",
      "description": "I have been wanting to do this all my life but have not been able to get myself to do it.I really wish you guys help me get it this time. Yeah! Let's do this together. I want to Always stay in touch with my best friends"
    },
    {
      "picture": "http://upload.wikimedia.org/wikipedia/commons/thumb/4/46/Scuba_diver1.jpg/220px-Scuba_diver1.jpg",
      "title": "Become Padi Certified and go Scuba Diving all over the world!",
      "description": "I have been wanting to do this all my life but have not been able to get myself to do it.I really wish you guys help me get it this time. Yeah! Let's do this together. I want to Become Padi Certified and go Scuba Diving all over the world!"
    },
    {
      "picture": "http://upload.wikimedia.org/wikipedia/commons/thumb/4/46/Scuba_diver1.jpg/220px-Scuba_diver1.jpg",
      "title": "Become Padi Certified and go Scuba Diving all over the world!",
      "description": "I have been wanting to do this all my life but have not been able to get myself to do it.I really wish you guys help me get it this time. Yeah! Let's do this together. I want to Become Padi Certified and go Scuba Diving all over the world!"
    },
    {
      "picture": "",
      "title": "Pan for gold",
      "description": "I have been wanting to do this all my life but have not been able to get myself to do it.I really wish you guys help me get it this time. Yeah! Let's do this together. I want to Pan for gold"
    },
    {
      "picture": "http://upload.wikimedia.org/wikipedia/commons/thumb/1/1d/Safari_vehicles.jpg/220px-Safari_vehicles.jpg",
      "title": "Go on a safari in Africa",
      "description": "I have been wanting to do this all my life but have not been able to get myself to do it.I really wish you guys help me get it this time. Yeah! Let's do this together. I want to Go on a safari in Africa"
    },
    {
      "picture": "http://upload.wikimedia.org/wikipedia/commons/d/da/NMMP_dolphin_with_locator.jpeg",
      "title": "swim with dolphins",
      "description": "I have been wanting to do this all my life but have not been able to get myself to do it.I really wish you guys help me get it this time. Yeah! Let's do this together. I want to swim with dolphins"
    },
    {
      "picture": "http://upload.wikimedia.org/wikipedia/en/thumb/1/1d/Red_and_green_aurora.jpg/220px-Red_and_green_aurora.jpg",
      "title": "See the northern lights",
      "description": "I have been wanting to do this all my life but have not been able to get myself to do it.I really wish you guys help me get it this time. Yeah! Let's do this together. I want to See the northern lights"
    },
    {
      "picture": "",
      "title": "Fix my tattoo",
      "description": "My tattoo is a great piece except I originally had ..."
    },
    {
      "picture": "http://upload.wikimedia.org/wikipedia/commons/thumb/4/43/Angry_elephant_ears.jpg/220px-Angry_elephant_ears.jpg",
      "title": "Pet an Elephant",
      "description": "I have been wanting to do this all my life but have not been able to get myself to do it.I really wish you guys help me get it this time. Yeah! Let's do this together. I want to Pet an Elephant"
    },
    {
      "picture": "http://upload.wikimedia.org/wikipedia/commons/thumb/4/4e/Freedom.JPG/220px-Freedom.JPG",
      "title": "Go on a cruise",
      "description": "I have been wanting to do this all my life but have not been able to get myself to do it.I really wish you guys help me get it this time. Yeah! Let's do this together. I want to Go on a cruise"
    },
    {
      "picture": "http://upload.wikimedia.org/wikipedia/commons/thumb/e/e1/Typhoon3.jpg/300px-Typhoon3.jpg",
      "title": "travel in a submarine ",
      "description": "I have been wanting to do this all my life but have not been able to get myself to do it.I really wish you guys help me get it this time. Yeah! Let's do this together. I want to travel in a submarine "
    },
    {
      "picture": "http://upload.wikimedia.org/wikipedia/commons/thumb/3/33/Figure-skates-1.jpg/220px-Figure-skates-1.jpg",
      "title": "learn to ice skate",
      "description": "I have been wanting to do this all my life but have not been able to get myself to do it.I really wish you guys help me get it this time. Yeah! Let's do this together. I want to learn to ice skate"
    },
    {
      "picture": "http://upload.wikimedia.org/wikipedia/commons/thumb/e/e5/Pannini%2C_Giovanni_Paolo_-_Musical_F%C3%AAte_-_1747.png/220px-Pannini%2C_Giovanni_Paolo_-_Musical_F%C3%AAte_-_1747.png",
      "title": "go to an opera",
      "description": "I have been wanting to do this all my life but have not been able to get myself to do it.I really wish you guys help me get it this time. Yeah! Let's do this together. I want to go to an opera"
    },
    {
      "picture": "http://upload.wikimedia.org/wikipedia/en/thumb/2/21/Ferrigno_as_Hulk.jpg/260px-Ferrigno_as_Hulk.jpg",
      "title": "Get in shape",
      "description": "I have been wanting to do this all my life but have not been able to get myself to do it.I really wish you guys help me get it this time. Yeah! Let's do this together. I want to Get in shape"
    },
    {
      "picture": "http://upload.wikimedia.org/wikipedia/en/thumb/0/0c/Jeanette_Kwakye_cropped.jpg/220px-Jeanette_Kwakye_cropped.jpg",
      "title": "I want to run a 5K.",
      "description": "I have been wanting to do this all my life but have not been able to get myself to do it.I really wish you guys help me get it this time. Yeah! Let's do this together. I want to I want to run a 5K."
    },
    {
      "picture": "http://upload.wikimedia.org/wikipedia/commons/0/05/Anillos.jpg",
      "title": "get married",
      "description": "I have been wanting to do this all my life but have not been able to get myself to do it.I really wish you guys help me get it this time. Yeah! Let's do this together. I want to get married"
    },
    {
      "picture": "http://upload.wikimedia.org/wikipedia/commons/thumb/0/0e/Carcharodon_carcharias.jpg/220px-Carcharodon_carcharias.jpg",
      "title": "dive/ swim with sharks",
      "description": "I saw this in Hawaii when I was looking to ..."
    },
    {
      "picture": "http://upload.wikimedia.org/wikipedia/commons/thumb/e/e8/Paris_July_2011-35.jpg/220px-Paris_July_2011-35.jpg",
      "title": "Walk to the top of the Eiffel Tower ",
      "description": "I have been wanting to do this all my life but have not been able to get myself to do it.I really wish you guys help me get it this time. Yeah! Let's do this together. I want to Walk to the top of the Eiffel Tower "
    },
    {
      "picture": "http://upload.wikimedia.org/wikipedia/commons/thumb/0/03/Italian_languages.png/250px-Italian_languages.png",
      "title": "I want to learn to speak Italian",
      "description": "I have been wanting to do this all my life but have not been able to get myself to do it.I really wish you guys help me get it this time. Yeah! Let's do this together. I want to I want to learn to speak Italian"
    },
    {
      "picture": "http://upload.wikimedia.org/wikipedia/commons/thumb/2/2f/Car_and_Driver.jpg/220px-Car_and_Driver.jpg",
      "title": "Pass my driving test",
      "description": "I have been wanting to do this all my life but have not been able to get myself to do it.I really wish you guys help me get it this time. Yeah! Let's do this together. I want to Pass my driving test"
    },
    {
      "picture": "http://upload.wikimedia.org/wikipedia/commons/thumb/a/af/WhiteHouseSouthFacade.JPG/220px-WhiteHouseSouthFacade.JPG",
      "title": "Go to America",
      "description": "I have been wanting to do this all my life but have not been able to get myself to do it.I really wish you guys help me get it this time. Yeah! Let's do this together. I want to Go to America"
    },
    {
      "picture": "http://upload.wikimedia.org/wikipedia/commons/thumb/6/6d/Tuscany_landscape_west_of_Siena.jpg/220px-Tuscany_landscape_west_of_Siena.jpg",
      "title": "Visit tuscany, italy",
      "description": "I have been wanting to do this all my life but have not been able to get myself to do it.I really wish you guys help me get it this time. Yeah! Let's do this together. I want to Visit tuscany, italy"
    },
    {
      "picture": "http://upload.wikimedia.org/wikipedia/commons/thumb/4/4d/Church_1911.4.1.jpg/275px-Church_1911.4.1.jpg",
      "title": "Before I die I want to see the northern lights",
      "description": "I have been wanting to do this all my life but have not been able to get myself to do it.I really wish you guys help me get it this time. Yeah! Let's do this together. I want to Before I die I want to see the northern lights"
    },
    {
      "picture": "http://upload.wikimedia.org/wikipedia/en/thumb/6/63/IMG_6969.jpg/220px-IMG_6969.jpg",
      "title": "Go for Skydiving",
      "description": "I have been wanting to do this all my life but have not been able to get myself to do it.I really wish you guys help me get it this time. Yeah! Let's do this together. I want to Go for Skydiving"
    },
    {
      "picture": "http://upload.wikimedia.org/wikipedia/commons/thumb/4/4e/Mavericks_Surf_Contest_2010b.jpg/300px-Mavericks_Surf_Contest_2010b.jpg",
      "title": "learn to surf",
      "description": "I have been wanting to do this all my life but have not been able to get myself to do it.I really wish you guys help me get it this time. Yeah! Let's do this together. I want to learn to surf"
    },
    {
      "picture": "http://upload.wikimedia.org/wikipedia/commons/thumb/a/aa/Polarlicht_2.jpg/220px-Polarlicht_2.jpg",
      "title": "See the 7 natural wonders of the world",
      "description": "I have been wanting to do this all my life but have not been able to get myself to do it.I really wish you guys help me get it this time. Yeah! Let's do this together. I want to See the 7 natural wonders of the world"
    },
    {
      "picture": "http://upload.wikimedia.org/wikipedia/commons/thumb/6/6a/African_Forest_Elephant.jpg/170px-African_Forest_Elephant.jpg",
      "title": "I want to ride an Elephant",
      "description": "I have been wanting to do this all my life but have not been able to get myself to do it.I really wish you guys help me get it this time. Yeah! Let's do this together. I want to I want to ride an Elephant"
    },
    {
      "picture": "",
      "title": "I want to see the Aurora Borealis/Northern Lights in person",
      "description": "I have been wanting to do this all my life but have not been able to get myself to do it.I really wish you guys help me get it this time. Yeah! Let's do this together. I want to I want to see the Aurora Borealis/Northern Lights in person"
    },
    {
      "picture": "http://upload.wikimedia.org/wikipedia/commons/thumb/2/2c/Flipper_Luke_Halpin_1963.jpg/220px-Flipper_Luke_Halpin_1963.jpg",
      "title": "I want to swim with dolphins.",
      "description": "I have been wanting to do this all my life but have not been able to get myself to do it.I really wish you guys help me get it this time. Yeah! Let's do this together. I want to I want to swim with dolphins."
    },
    {
      "picture": "http://upload.wikimedia.org/wikipedia/commons/thumb/8/8f/El-Farah_el-Masri.jpg/220px-El-Farah_el-Masri.jpg",
      "title": "Fall in love and get married.",
      "description": "I have been wanting to do this all my life but have not been able to get myself to do it.I really wish you guys help me get it this time. Yeah! Let's do this together. I want to Fall in love and get married."
    },
    {
      "picture": "http://upload.wikimedia.org/wikipedia/commons/thumb/c/c0/Ao_Thong_Nai_Pan%2C_Koh_Phangan%2C_Thailand_02-2003.jpg/250px-Ao_Thong_Nai_Pan%2C_Koh_Phangan%2C_Thailand_02-2003.jpg",
      "title": "travel the world",
      "description": "I have been wanting to do this all my life but have not been able to get myself to do it.I really wish you guys help me get it this time. Yeah! Let's do this together. I want to travel the world"
    },
    {
      "picture": "http://upload.wikimedia.org/wikipedia/commons/thumb/d/d1/Hang_gliding_hyner.jpg/220px-Hang_gliding_hyner.jpg",
      "title": "Go Hang Gliding",
      "description": "I have been wanting to do this all my life but have not been able to get myself to do it.I really wish you guys help me get it this time. Yeah! Let's do this together. I want to Go Hang Gliding"
    },
    {
      "picture": "http://upload.wikimedia.org/wikipedia/commons/1/1c/1_The_Opera_House_in_Sydney.jpg",
      "title": "go to australia",
      "description": "I have been wanting to do this all my life but have not been able to get myself to do it.I really wish you guys help me get it this time. Yeah! Let's do this together. I want to go to australia"
    }]
}